state_name,state_source,source_index,representation,check_type,repeat,collision_free,elapsed_seconds
home,named_config,,sphere,cold,0,True,9.610999768483452e-06
home,named_config,,sphere,steady,0,True,6.987000233493745e-06
home,named_config,,sphere,steady,1,True,6.5589993027970195e-06
home,named_config,,sphere,steady,2,True,6.402000508387573e-06
home,named_config,,sphere,steady,3,True,6.3920015236362815e-06
grasp_0,filtered_goal,0,sphere,cold,0,True,6.8449990067165345e-06
grasp_0,filtered_goal,0,sphere,steady,0,True,6.491000021924265e-06
grasp_0,filtered_goal,0,sphere,steady,1,True,6.444000973715447e-06
grasp_0,filtered_goal,0,sphere,steady,2,True,6.3160005083773285e-06
grasp_0,filtered_goal,0,sphere,steady,3,True,6.389000191120431e-06
grasp_1,filtered_goal,1,sphere,cold,0,True,6.55999974696897e-06
grasp_1,filtered_goal,1,sphere,steady,0,True,6.541000402648933e-06
grasp_1,filtered_goal,1,sphere,steady,1,True,6.383999789250083e-06
grasp_1,filtered_goal,1,sphere,steady,2,True,6.383999789250083e-06
grasp_1,filtered_goal,1,sphere,steady,3,True,6.428999768104404e-06
grasp_2,filtered_goal,2,sphere,cold,0,True,6.776001100661233e-06
grasp_2,filtered_goal,2,sphere,steady,0,True,6.387999746948481e-06
grasp_2,filtered_goal,2,sphere,steady,1,True,6.382000719895586e-06
grasp_2,filtered_goal,2,sphere,steady,2,True,6.382999345078133e-06
grasp_2,filtered_goal,2,sphere,steady,3,True,6.390000635292381e-06
grasp_3,filtered_goal,3,sphere,cold,0,True,6.665000910288654e-06
grasp_3,filtered_goal,3,sphere,steady,0,True,6.377000318025239e-06
grasp_3,filtered_goal,3,sphere,steady,1,True,6.370000846800394e-06
grasp_3,filtered_goal,3,sphere,steady,2,True,6.375001248670742e-06
grasp_3,filtered_goal,3,sphere,steady,3,True,6.487000064225867e-06
grasp_4,filtered_goal,4,sphere,cold,0,True,6.6350003180559725e-06
grasp_4,filtered_goal,4,sphere,steady,0,True,6.428999768104404e-06
grasp_4,filtered_goal,4,sphere,steady,1,True,6.3610004872316495e-06
grasp_4,filtered_goal,4,sphere,steady,2,True,6.448999556596391e-06
grasp_4,filtered_goal,4,sphere,steady,3,True,6.3539991970174015e-06
grasp_5,filtered_goal,5,sphere,cold,0,True,6.55999974696897e-06
grasp_5,filtered_goal,5,sphere,steady,0,True,6.340998879750259e-06
grasp_5,filtered_goal,5,sphere,steady,1,True,6.410000423784368e-06
grasp_5,filtered_goal,5,sphere,steady,2,True,6.406999091268517e-06
grasp_5,filtered_goal,5,sphere,steady,3,True,6.331998520181514e-06
grasp_6,filtered_goal,6,sphere,cold,0,True,6.373998985509388e-06
grasp_6,filtered_goal,6,sphere,steady,0,True,6.380998456734233e-06
grasp_6,filtered_goal,6,sphere,steady,1,True,6.419999408535659e-06
grasp_6,filtered_goal,6,sphere,steady,2,True,6.468999345088378e-06
grasp_6,filtered_goal,6,sphere,steady,3,True,6.370999471982941e-06
grasp_7,filtered_goal,7,sphere,cold,0,True,6.608001058339141e-06
grasp_7,filtered_goal,7,sphere,steady,0,True,6.414999006665312e-06
grasp_7,filtered_goal,7,sphere,steady,1,True,6.410000423784368e-06
grasp_7,filtered_goal,7,sphere,steady,2,True,6.360000043059699e-06
grasp_7,filtered_goal,7,sphere,steady,3,True,6.358999598887749e-06
grasp_8,filtered_goal,8,sphere,cold,0,True,6.487998689408414e-06
grasp_8,filtered_goal,8,sphere,steady,0,True,6.434000169974752e-06
grasp_8,filtered_goal,8,sphere,steady,1,True,6.414000381482765e-06
grasp_8,filtered_goal,8,sphere,steady,2,True,6.439000571845099e-06
grasp_8,filtered_goal,8,sphere,steady,3,True,6.360998668242246e-06
grasp_9,filtered_goal,9,sphere,cold,0,True,6.4300002122763544e-06
grasp_9,filtered_goal,9,sphere,steady,0,True,6.444000973715447e-06
grasp_9,filtered_goal,9,sphere,steady,1,True,6.3899988163029775e-06
grasp_9,filtered_goal,9,sphere,steady,2,True,6.38699930277653e-06
grasp_9,filtered_goal,9,sphere,steady,3,True,6.452999514294788e-06
grasp_10,filtered_goal,10,sphere,cold,0,True,6.549000318045728e-06
grasp_10,filtered_goal,10,sphere,steady,0,True,6.407999535440467e-06
grasp_10,filtered_goal,10,sphere,steady,1,True,6.2800008890917525e-06
grasp_10,filtered_goal,10,sphere,steady,2,True,6.38699930277653e-06
grasp_10,filtered_goal,10,sphere,steady,3,True,6.342001142911613e-06
grasp_11,filtered_goal,11,sphere,cold,0,True,6.457999916165136e-06
grasp_11,filtered_goal,11,sphere,steady,0,True,6.3490006141364574e-06
grasp_11,filtered_goal,11,sphere,steady,1,True,6.325000867946073e-06
grasp_11,filtered_goal,11,sphere,steady,2,True,6.34299976809416e-06
grasp_11,filtered_goal,11,sphere,steady,3,True,6.5780004661064595e-06
grasp_12,filtered_goal,12,sphere,cold,0,True,6.427000698749907e-06
grasp_12,filtered_goal,12,sphere,steady,0,True,6.379999831551686e-06
grasp_12,filtered_goal,12,sphere,steady,1,True,6.360000043059699e-06
grasp_12,filtered_goal,12,sphere,steady,2,True,6.420001227525063e-06
grasp_12,filtered_goal,12,sphere,steady,3,True,6.415000825654715e-06
grasp_13,filtered_goal,13,sphere,cold,0,True,6.632000804529525e-06
grasp_13,filtered_goal,13,sphere,steady,0,True,6.5379990701330826e-06
grasp_13,filtered_goal,13,sphere,steady,1,True,6.506999852717854e-06
grasp_13,filtered_goal,13,sphere,steady,2,True,6.3490006141364574e-06
grasp_13,filtered_goal,13,sphere,steady,3,True,6.4899995777523145e-06
grasp_14,filtered_goal,14,sphere,cold,0,True,6.3640000007580966e-06
grasp_14,filtered_goal,14,sphere,steady,0,True,6.3299994508270174e-06
grasp_14,filtered_goal,14,sphere,steady,1,True,6.332000339170918e-06
grasp_14,filtered_goal,14,sphere,steady,2,True,6.411000867956318e-06
grasp_14,filtered_goal,14,sphere,steady,3,True,6.382000719895586e-06
grasp_15,filtered_goal,15,sphere,cold,0,True,6.6949996835319325e-06
grasp_15,filtered_goal,15,sphere,steady,0,True,6.412999937310815e-06
grasp_15,filtered_goal,15,sphere,steady,1,True,6.410000423784368e-06
grasp_15,filtered_goal,15,sphere,steady,2,True,6.428999768104404e-06
grasp_15,filtered_goal,15,sphere,steady,3,True,6.349999239319004e-06
grasp_16,filtered_goal,16,sphere,cold,0,True,6.387999746948481e-06
grasp_16,filtered_goal,16,sphere,steady,0,True,6.367999958456494e-06
grasp_16,filtered_goal,16,sphere,steady,1,True,6.338999810395762e-06
grasp_16,filtered_goal,16,sphere,steady,2,True,6.382000719895586e-06
grasp_16,filtered_goal,16,sphere,steady,3,True,6.337999366223812e-06
grasp_17,filtered_goal,17,sphere,cold,0,True,6.371999916154891e-06
grasp_17,filtered_goal,17,sphere,steady,0,True,6.476000635302626e-06
grasp_17,filtered_goal,17,sphere,steady,1,True,6.38699930277653e-06
grasp_17,filtered_goal,17,sphere,steady,2,True,6.366999514284544e-06
grasp_17,filtered_goal,17,sphere,steady,3,True,6.461999873863533e-06
grasp_18,filtered_goal,18,sphere,cold,0,True,6.471000233432278e-06
grasp_18,filtered_goal,18,sphere,steady,0,True,6.446000043069944e-06
grasp_18,filtered_goal,18,sphere,steady,1,True,6.379001206369139e-06
grasp_18,filtered_goal,18,sphere,steady,2,True,6.378000762197189e-06
grasp_18,filtered_goal,18,sphere,steady,3,True,6.353000571834855e-06
grasp_19,filtered_goal,19,sphere,cold,0,True,6.476999260485172e-06
grasp_19,filtered_goal,19,sphere,steady,0,True,6.358000973705202e-06
grasp_19,filtered_goal,19,sphere,steady,1,True,6.339001629385166e-06
grasp_19,filtered_goal,19,sphere,steady,2,True,6.390999260474928e-06
grasp_19,filtered_goal,19,sphere,steady,3,True,6.584001312148757e-06
grasp_20,filtered_goal,20,sphere,cold,0,True,6.3850002334220335e-06
grasp_20,filtered_goal,20,sphere,steady,0,True,6.378999387379736e-06
grasp_20,filtered_goal,20,sphere,steady,1,True,6.398999175871722e-06
grasp_20,filtered_goal,20,sphere,steady,2,True,6.371001290972345e-06
grasp_20,filtered_goal,20,sphere,steady,3,True,6.3610004872316495e-06
grasp_21,filtered_goal,21,sphere,cold,0,True,6.4730011217761785e-06
grasp_21,filtered_goal,21,sphere,steady,0,True,6.371999916154891e-06
grasp_21,filtered_goal,21,sphere,steady,1,True,6.367999958456494e-06
grasp_21,filtered_goal,21,sphere,steady,2,True,6.414999006665312e-06
grasp_21,filtered_goal,21,sphere,steady,3,True,6.350999683490954e-06
grasp_22,filtered_goal,22,sphere,cold,0,True,6.394000592990778e-06
grasp_22,filtered_goal,22,sphere,steady,0,True,6.377000318025239e-06
grasp_22,filtered_goal,22,sphere,steady,1,True,6.374000804498792e-06
grasp_22,filtered_goal,22,sphere,steady,2,True,6.34500065643806e-06
grasp_22,filtered_goal,22,sphere,steady,3,True,6.34400021226611e-06
grasp_23,filtered_goal,23,sphere,cold,0,True,6.426998879760504e-06
grasp_23,filtered_goal,23,sphere,steady,0,True,6.330999894998968e-06
grasp_23,filtered_goal,23,sphere,steady,1,True,6.312000550678931e-06
grasp_23,filtered_goal,23,sphere,steady,2,True,6.3569987105438486e-06
grasp_23,filtered_goal,23,sphere,steady,3,True,6.2830004026182e-06
grasp_24,filtered_goal,24,sphere,cold,0,True,6.2800008890917525e-06
grasp_24,filtered_goal,24,sphere,steady,0,True,6.376998499035835e-06
grasp_24,filtered_goal,24,sphere,steady,1,True,6.334999852697365e-06
grasp_24,filtered_goal,24,sphere,steady,2,True,6.321999535430223e-06
grasp_24,filtered_goal,24,sphere,steady,3,True,6.383999789250083e-06
grasp_25,filtered_goal,25,sphere,cold,0,True,6.428999768104404e-06
grasp_25,filtered_goal,25,sphere,steady,0,True,6.40299913357012e-06
grasp_25,filtered_goal,25,sphere,steady,1,True,6.467000275733881e-06
grasp_25,filtered_goal,25,sphere,steady,2,True,6.358999598887749e-06
grasp_25,filtered_goal,25,sphere,steady,3,True,6.334999852697365e-06
grasp_26,filtered_goal,26,sphere,cold,0,True,6.40500002191402e-06
grasp_26,filtered_goal,26,sphere,steady,0,True,6.3089992181630805e-06
grasp_26,filtered_goal,26,sphere,steady,1,True,6.379999831551686e-06
grasp_26,filtered_goal,26,sphere,steady,2,True,6.3040006352821365e-06
grasp_26,filtered_goal,26,sphere,steady,3,True,6.340998879750259e-06
grasp_27,filtered_goal,27,sphere,cold,0,True,6.499998562503606e-06
grasp_27,filtered_goal,27,sphere,steady,0,True,6.356000085361302e-06
grasp_27,filtered_goal,27,sphere,steady,1,True,6.379001206369139e-06
grasp_27,filtered_goal,27,sphere,steady,2,True,9.011000656755641e-06
grasp_27,filtered_goal,27,sphere,steady,3,True,6.506001227535307e-06
grasp_28,filtered_goal,28,sphere,cold,0,True,6.447999112424441e-06
grasp_28,filtered_goal,28,sphere,steady,0,True,6.410000423784368e-06
grasp_28,filtered_goal,28,sphere,steady,1,True,6.411000867956318e-06
grasp_28,filtered_goal,28,sphere,steady,2,True,6.395999662345275e-06
grasp_28,filtered_goal,28,sphere,steady,3,True,6.379999831551686e-06
grasp_29,filtered_goal,29,sphere,cold,0,True,6.502999895019457e-06
grasp_29,filtered_goal,29,sphere,steady,0,True,6.3620009314036e-06
grasp_29,filtered_goal,29,sphere,steady,1,True,6.338001185213216e-06
grasp_29,filtered_goal,29,sphere,steady,2,True,6.334999852697365e-06
grasp_29,filtered_goal,29,sphere,steady,3,True,6.342001142911613e-06
grasp_30,filtered_goal,30,sphere,cold,0,True,6.377000318025239e-06
grasp_30,filtered_goal,30,sphere,steady,0,True,6.315000064205378e-06
grasp_30,filtered_goal,30,sphere,steady,1,True,6.583999493159354e-06
grasp_30,filtered_goal,30,sphere,steady,2,True,6.457999916165136e-06
grasp_30,filtered_goal,30,sphere,steady,3,True,6.398999175871722e-06
grasp_31,filtered_goal,31,sphere,cold,0,True,6.402000508387573e-06
grasp_31,filtered_goal,31,sphere,steady,0,True,6.395999662345275e-06
grasp_31,filtered_goal,31,sphere,steady,1,True,6.443000529543497e-06
grasp_31,filtered_goal,31,sphere,steady,2,True,6.398999175871722e-06
grasp_31,filtered_goal,31,sphere,steady,3,True,6.348000169964507e-06
grasp_32,filtered_goal,32,sphere,cold,0,True,6.34299976809416e-06
grasp_32,filtered_goal,32,sphere,steady,0,True,6.401000064215623e-06
grasp_32,filtered_goal,32,sphere,steady,1,True,6.411999493138865e-06
grasp_32,filtered_goal,32,sphere,steady,2,True,6.386000677593984e-06
grasp_32,filtered_goal,32,sphere,steady,3,True,6.378999387379736e-06
grasp_33,filtered_goal,33,sphere,cold,0,True,6.4779997046571225e-06
grasp_33,filtered_goal,33,sphere,steady,0,True,6.492000466096215e-06
grasp_33,filtered_goal,33,sphere,steady,1,True,6.357999154715799e-06
grasp_33,filtered_goal,33,sphere,steady,2,True,6.4420000853715464e-06
grasp_33,filtered_goal,33,sphere,steady,3,True,6.319000021903776e-06
grasp_34,filtered_goal,34,sphere,cold,0,True,6.356000085361302e-06
grasp_34,filtered_goal,34,sphere,steady,0,True,6.319998647086322e-06
grasp_34,filtered_goal,34,sphere,steady,1,True,6.36300137557555e-06
grasp_34,filtered_goal,34,sphere,steady,2,True,6.355001460178755e-06
grasp_34,filtered_goal,34,sphere,steady,3,True,6.336998922051862e-06
grasp_35,filtered_goal,35,sphere,cold,0,True,6.397998731699772e-06
grasp_35,filtered_goal,35,sphere,steady,0,True,6.3970001065172255e-06
grasp_35,filtered_goal,35,sphere,steady,1,True,6.338999810395762e-06
grasp_35,filtered_goal,35,sphere,steady,2,True,6.333999408525415e-06
grasp_35,filtered_goal,35,sphere,steady,3,True,6.358999598887749e-06
grasp_36,filtered_goal,36,sphere,cold,0,True,6.514999768114649e-06
grasp_36,filtered_goal,36,sphere,steady,0,True,6.3640000007580966e-06
grasp_36,filtered_goal,36,sphere,steady,1,True,6.415000825654715e-06
grasp_36,filtered_goal,36,sphere,steady,2,True,6.3329989643534645e-06
grasp_36,filtered_goal,36,sphere,steady,3,True,6.316999133559875e-06
grasp_37,filtered_goal,37,sphere,cold,0,True,6.361999112414196e-06
grasp_37,filtered_goal,37,sphere,steady,0,True,6.34400021226611e-06
grasp_37,filtered_goal,37,sphere,steady,1,True,6.319000021903776e-06
grasp_37,filtered_goal,37,sphere,steady,2,True,6.325000867946073e-06
grasp_37,filtered_goal,37,sphere,steady,3,True,6.360000043059699e-06
grasp_38,filtered_goal,38,sphere,cold,0,True,6.373998985509388e-06
grasp_38,filtered_goal,38,sphere,steady,0,True,6.387999746948481e-06
grasp_38,filtered_goal,38,sphere,steady,1,True,6.395001037162729e-06
grasp_38,filtered_goal,38,sphere,steady,2,True,6.362999556586146e-06
grasp_38,filtered_goal,38,sphere,steady,3,True,6.335998477879912e-06
grasp_39,filtered_goal,39,sphere,cold,0,True,6.3970001065172255e-06
grasp_39,filtered_goal,39,sphere,steady,0,True,6.40600046608597e-06
grasp_39,filtered_goal,39,sphere,steady,1,True,6.401000064215623e-06
grasp_39,filtered_goal,39,sphere,steady,2,True,6.354001016006805e-06
grasp_39,filtered_goal,39,sphere,steady,3,True,6.426998879760504e-06
grasp_40,filtered_goal,40,sphere,cold,0,True,6.401000064215623e-06
grasp_40,filtered_goal,40,sphere,steady,0,True,6.412999937310815e-06
grasp_40,filtered_goal,40,sphere,steady,1,True,6.365000444930047e-06
grasp_40,filtered_goal,40,sphere,steady,2,True,6.3730003603268415e-06
grasp_40,filtered_goal,40,sphere,steady,3,True,6.321000910247676e-06
grasp_41,filtered_goal,41,sphere,cold,0,True,6.3850002334220335e-06
grasp_41,filtered_goal,41,sphere,steady,0,True,6.394999218173325e-06
grasp_41,filtered_goal,41,sphere,steady,1,True,6.435000614146702e-06
grasp_41,filtered_goal,41,sphere,steady,2,True,6.4589985413476825e-06
grasp_41,filtered_goal,41,sphere,steady,3,True,6.334999852697365e-06
grasp_42,filtered_goal,42,sphere,cold,0,True,6.457001290982589e-06
grasp_42,filtered_goal,42,sphere,steady,0,True,6.3419993239222094e-06
grasp_42,filtered_goal,42,sphere,steady,1,True,6.352998752845451e-06
grasp_42,filtered_goal,42,sphere,steady,2,True,6.387999746948481e-06
grasp_42,filtered_goal,42,sphere,steady,3,True,6.330999894998968e-06
grasp_43,filtered_goal,43,sphere,cold,0,True,6.3400002545677125e-06
grasp_43,filtered_goal,43,sphere,steady,0,True,6.369000402628444e-06
grasp_43,filtered_goal,43,sphere,steady,1,True,6.34500065643806e-06
grasp_43,filtered_goal,43,sphere,steady,2,True,6.4089999796124175e-06
grasp_43,filtered_goal,43,sphere,steady,3,True,6.2519993662135676e-06
grasp_44,filtered_goal,44,sphere,cold,0,True,6.321999535430223e-06
grasp_44,filtered_goal,44,sphere,steady,0,True,6.315998689387925e-06
grasp_44,filtered_goal,44,sphere,steady,1,True,6.370000846800394e-06
grasp_44,filtered_goal,44,sphere,steady,2,True,6.371001290972345e-06
grasp_44,filtered_goal,44,sphere,steady,3,True,6.2609997257823125e-06
grasp_45,filtered_goal,45,sphere,cold,0,True,6.476000635302626e-06
grasp_45,filtered_goal,45,sphere,steady,0,True,6.356000085361302e-06
grasp_45,filtered_goal,45,sphere,steady,1,True,6.333000783342868e-06
grasp_45,filtered_goal,45,sphere,steady,2,True,6.334001227514818e-06
grasp_45,filtered_goal,45,sphere,steady,3,True,6.313000994850881e-06
grasp_46,filtered_goal,46,sphere,cold,0,True,6.3280003814725205e-06
grasp_46,filtered_goal,46,sphere,steady,0,True,6.3419993239222094e-06
grasp_46,filtered_goal,46,sphere,steady,1,True,6.484999175881967e-06
grasp_46,filtered_goal,46,sphere,steady,2,True,6.3970001065172255e-06
grasp_46,filtered_goal,46,sphere,steady,3,True,6.371999916154891e-06
grasp_47,filtered_goal,47,sphere,cold,0,True,6.406999091268517e-06
grasp_47,filtered_goal,47,sphere,steady,0,True,6.507998477900401e-06
grasp_47,filtered_goal,47,sphere,steady,1,True,6.407000910257921e-06
grasp_47,filtered_goal,47,sphere,steady,2,True,6.417998520191759e-06
grasp_47,filtered_goal,47,sphere,steady,3,True,6.407000910257921e-06
grasp_48,filtered_goal,48,sphere,cold,0,True,6.56100019114092e-06
grasp_48,filtered_goal,48,sphere,steady,0,True,6.429001587093808e-06
grasp_48,filtered_goal,48,sphere,steady,1,True,6.3730003603268415e-06
grasp_48,filtered_goal,48,sphere,steady,2,True,6.378999387379736e-06
grasp_48,filtered_goal,48,sphere,steady,3,True,6.3490006141364574e-06
grasp_49,filtered_goal,49,sphere,cold,0,True,6.475000191130675e-06
grasp_49,filtered_goal,49,sphere,steady,0,True,6.3280003814725205e-06
grasp_49,filtered_goal,49,sphere,steady,1,True,6.436999683501199e-06
grasp_49,filtered_goal,49,sphere,steady,2,True,6.3370007410412654e-06
grasp_49,filtered_goal,49,sphere,steady,3,True,6.382000719895586e-06
grasp_50,filtered_goal,50,sphere,cold,0,True,6.3640000007580966e-06
grasp_50,filtered_goal,50,sphere,steady,0,True,6.291000318014994e-06
grasp_50,filtered_goal,50,sphere,steady,1,True,6.319000021903776e-06
grasp_50,filtered_goal,50,sphere,steady,2,True,6.292999387369491e-06
grasp_50,filtered_goal,50,sphere,steady,3,True,6.3659990701125935e-06
grasp_51,filtered_goal,51,sphere,cold,0,True,6.352998752845451e-06
grasp_51,filtered_goal,51,sphere,steady,0,True,6.322999979602173e-06
grasp_51,filtered_goal,51,sphere,steady,1,True,6.328999006655067e-06
grasp_51,filtered_goal,51,sphere,steady,2,True,6.407000910257921e-06
grasp_51,filtered_goal,51,sphere,steady,3,True,6.394000592990778e-06
grasp_52,filtered_goal,52,sphere,cold,0,True,6.399999620043673e-06
grasp_52,filtered_goal,52,sphere,steady,0,True,6.407999535440467e-06
grasp_52,filtered_goal,52,sphere,steady,1,True,6.4089999796124175e-06
grasp_52,filtered_goal,52,sphere,steady,2,True,6.395999662345275e-06
grasp_52,filtered_goal,52,sphere,steady,3,True,6.347998350975104e-06
grasp_53,filtered_goal,53,sphere,cold,0,True,6.307000148808584e-06
grasp_53,filtered_goal,53,sphere,steady,0,True,6.3610004872316495e-06
grasp_53,filtered_goal,53,sphere,steady,1,True,6.378000762197189e-06
grasp_53,filtered_goal,53,sphere,steady,2,True,6.4329997258028015e-06
grasp_53,filtered_goal,53,sphere,steady,3,True,6.4420000853715464e-06
grasp_54,filtered_goal,54,sphere,cold,0,True,6.382999345078133e-06
grasp_54,filtered_goal,54,sphere,steady,0,True,6.3850002334220335e-06
grasp_54,filtered_goal,54,sphere,steady,1,True,6.3520001276629046e-06
grasp_54,filtered_goal,54,sphere,steady,2,True,6.3089992181630805e-06
grasp_54,filtered_goal,54,sphere,steady,3,True,6.26600012765266e-06
grasp_55,filtered_goal,55,sphere,cold,0,True,6.309999662335031e-06
grasp_55,filtered_goal,55,sphere,steady,0,True,6.379001206369139e-06
grasp_55,filtered_goal,55,sphere,steady,1,True,6.318001396721229e-06
grasp_55,filtered_goal,55,sphere,steady,2,True,6.325000867946073e-06
grasp_55,filtered_goal,55,sphere,steady,3,True,6.334001227514818e-06
grasp_56,filtered_goal,56,sphere,cold,0,True,6.332000339170918e-06
grasp_56,filtered_goal,56,sphere,steady,0,True,6.362999556586146e-06
grasp_56,filtered_goal,56,sphere,steady,1,True,6.394999218173325e-06
grasp_56,filtered_goal,56,sphere,steady,2,True,6.279000444919802e-06
grasp_56,filtered_goal,56,sphere,steady,3,True,6.319000021903776e-06
grasp_57,filtered_goal,57,sphere,cold,0,True,6.350999683490954e-06
grasp_57,filtered_goal,57,sphere,steady,0,True,6.309999662335031e-06
grasp_57,filtered_goal,57,sphere,steady,1,True,6.3850002334220335e-06
grasp_57,filtered_goal,57,sphere,steady,2,True,6.348000169964507e-06
grasp_57,filtered_goal,57,sphere,steady,3,True,6.313999620033428e-06
grasp_58,filtered_goal,58,sphere,cold,0,True,6.309999662335031e-06
grasp_58,filtered_goal,58,sphere,steady,0,True,6.373998985509388e-06
grasp_58,filtered_goal,58,sphere,steady,1,True,6.418000339181162e-06
grasp_58,filtered_goal,58,sphere,steady,2,True,6.374999429681338e-06
grasp_58,filtered_goal,58,sphere,steady,3,True,6.451000444940291e-06
grasp_59,filtered_goal,59,sphere,cold,0,True,6.4449995988979936e-06
grasp_59,filtered_goal,59,sphere,steady,0,True,6.357000529533252e-06
grasp_59,filtered_goal,59,sphere,steady,1,True,6.301999746938236e-06
grasp_59,filtered_goal,59,sphere,steady,2,True,6.483998731710017e-06
grasp_59,filtered_goal,59,sphere,steady,3,True,6.32699993730057e-06
grasp_60,filtered_goal,60,sphere,cold,0,True,6.464000762207434e-06
grasp_60,filtered_goal,60,sphere,steady,0,True,6.3800016505410895e-06
grasp_60,filtered_goal,60,sphere,steady,1,True,6.345999281620607e-06
grasp_60,filtered_goal,60,sphere,steady,2,True,6.382000719895586e-06
grasp_60,filtered_goal,60,sphere,steady,3,True,6.371001290972345e-06
grasp_61,filtered_goal,61,sphere,cold,0,True,6.375999873853289e-06
grasp_61,filtered_goal,61,sphere,steady,0,True,6.3400002545677125e-06
grasp_61,filtered_goal,61,sphere,steady,1,True,6.4040013967314735e-06
grasp_61,filtered_goal,61,sphere,steady,2,True,6.371001290972345e-06
grasp_61,filtered_goal,61,sphere,steady,3,True,6.300000677583739e-06
grasp_62,filtered_goal,62,sphere,cold,0,True,6.3730003603268415e-06
grasp_62,filtered_goal,62,sphere,steady,0,True,6.389000191120431e-06
grasp_62,filtered_goal,62,sphere,steady,1,True,6.424999810406007e-06
grasp_62,filtered_goal,62,sphere,steady,2,True,6.496000423794612e-06
grasp_62,filtered_goal,62,sphere,steady,3,True,6.345999281620607e-06
grasp_63,filtered_goal,63,sphere,cold,0,True,6.367001333273947e-06
grasp_63,filtered_goal,63,sphere,steady,0,True,6.448999556596391e-06
grasp_63,filtered_goal,63,sphere,steady,1,True,6.391999704646878e-06
grasp_63,filtered_goal,63,sphere,steady,2,True,6.394999218173325e-06
grasp_63,filtered_goal,63,sphere,steady,3,True,6.390999260474928e-06
grasp_64,filtered_goal,64,sphere,cold,0,True,6.412999937310815e-06
grasp_64,filtered_goal,64,sphere,steady,0,True,6.3730003603268415e-06
grasp_64,filtered_goal,64,sphere,steady,1,True,6.440999641199596e-06
grasp_64,filtered_goal,64,sphere,steady,2,True,6.379999831551686e-06
grasp_64,filtered_goal,64,sphere,steady,3,True,6.394000592990778e-06
grasp_65,filtered_goal,65,sphere,cold,0,True,6.371999916154891e-06
grasp_65,filtered_goal,65,sphere,steady,0,True,6.370000846800394e-06
grasp_65,filtered_goal,65,sphere,steady,1,True,6.4520008891122416e-06
grasp_65,filtered_goal,65,sphere,steady,2,True,6.395999662345275e-06
grasp_65,filtered_goal,65,sphere,steady,3,True,6.330999894998968e-06
grasp_66,filtered_goal,66,sphere,cold,0,True,6.412999937310815e-06
grasp_66,filtered_goal,66,sphere,steady,0,True,6.365000444930047e-06
grasp_66,filtered_goal,66,sphere,steady,1,True,6.395001037162729e-06
grasp_66,filtered_goal,66,sphere,steady,2,True,6.3899988163029775e-06
grasp_66,filtered_goal,66,sphere,steady,3,True,6.380998456734233e-06
grasp_67,filtered_goal,67,sphere,cold,0,True,6.378000762197189e-06
grasp_67,filtered_goal,67,sphere,steady,0,True,6.3850002334220335e-06
grasp_67,filtered_goal,67,sphere,steady,1,True,6.3400002545677125e-06
grasp_67,filtered_goal,67,sphere,steady,2,True,6.391999704646878e-06
grasp_67,filtered_goal,67,sphere,steady,3,True,6.42400118522346e-06
grasp_68,filtered_goal,68,sphere,cold,0,True,6.446000043069944e-06
grasp_68,filtered_goal,68,sphere,steady,0,True,6.415999450837262e-06
grasp_68,filtered_goal,68,sphere,steady,1,True,6.40500002191402e-06
grasp_68,filtered_goal,68,sphere,steady,2,True,6.34600110061001e-06
grasp_68,filtered_goal,68,sphere,steady,3,True,6.320000466075726e-06
grasp_69,filtered_goal,69,sphere,cold,0,True,6.361999112414196e-06
grasp_69,filtered_goal,69,sphere,steady,0,True,6.3970001065172255e-06
grasp_69,filtered_goal,69,sphere,steady,1,True,6.353000571834855e-06
grasp_69,filtered_goal,69,sphere,steady,2,True,6.455999027821235e-06
grasp_69,filtered_goal,69,sphere,steady,3,True,6.391999704646878e-06
grasp_70,filtered_goal,70,sphere,cold,0,True,6.487000064225867e-06
grasp_70,filtered_goal,70,sphere,steady,0,True,6.434000169974752e-06
grasp_70,filtered_goal,70,sphere,steady,1,True,6.367999958456494e-06
grasp_70,filtered_goal,70,sphere,steady,2,True,6.3419993239222094e-06
grasp_70,filtered_goal,70,sphere,steady,3,True,6.26499968348071e-06
grasp_71,filtered_goal,71,sphere,cold,0,True,6.295998900895938e-06
grasp_71,filtered_goal,71,sphere,steady,0,True,6.366999514284544e-06
grasp_71,filtered_goal,71,sphere,steady,1,True,6.367999958456494e-06
grasp_71,filtered_goal,71,sphere,steady,2,True,6.338999810395762e-06
grasp_71,filtered_goal,71,sphere,steady,3,True,6.2800008890917525e-06
grasp_72,filtered_goal,72,sphere,cold,0,True,6.319998647086322e-06
grasp_72,filtered_goal,72,sphere,steady,0,True,6.278998625930399e-06
grasp_72,filtered_goal,72,sphere,steady,1,True,6.26700057182461e-06
grasp_72,filtered_goal,72,sphere,steady,2,True,6.305999704636633e-06
grasp_72,filtered_goal,72,sphere,steady,3,True,6.415999450837262e-06
grasp_73,filtered_goal,73,sphere,cold,0,True,6.394000592990778e-06
grasp_73,filtered_goal,73,sphere,steady,0,True,6.369999027810991e-06
grasp_73,filtered_goal,73,sphere,steady,1,True,6.296000719885342e-06
grasp_73,filtered_goal,73,sphere,steady,2,True,6.3520001276629046e-06
grasp_73,filtered_goal,73,sphere,steady,3,True,6.382999345078133e-06
grasp_74,filtered_goal,74,sphere,cold,0,True,6.334001227514818e-06
grasp_74,filtered_goal,74,sphere,steady,0,True,6.3209990912582725e-06
grasp_74,filtered_goal,74,sphere,steady,1,True,6.362999556586146e-06
grasp_74,filtered_goal,74,sphere,steady,2,True,6.330999894998968e-06
grasp_74,filtered_goal,74,sphere,steady,3,True,6.261001544771716e-06
grasp_75,filtered_goal,75,sphere,cold,0,True,6.4370015024906024e-06
grasp_75,filtered_goal,75,sphere,steady,0,True,6.327001756289974e-06
grasp_75,filtered_goal,75,sphere,steady,1,True,6.4139985624933615e-06
grasp_75,filtered_goal,75,sphere,steady,2,True,6.387999746948481e-06
grasp_75,filtered_goal,75,sphere,steady,3,True,6.3299994508270174e-06
grasp_76,filtered_goal,76,sphere,cold,0,True,6.3920015236362815e-06
grasp_76,filtered_goal,76,sphere,steady,0,True,6.40399957774207e-06
grasp_76,filtered_goal,76,sphere,steady,1,True,6.3299994508270174e-06
grasp_76,filtered_goal,76,sphere,steady,2,True,6.3779989432077855e-06
grasp_76,filtered_goal,76,sphere,steady,3,True,6.311000106506981e-06
grasp_77,filtered_goal,77,sphere,cold,0,True,6.463000318035483e-06
grasp_77,filtered_goal,77,sphere,steady,0,True,6.360000043059699e-06
grasp_77,filtered_goal,77,sphere,steady,1,True,6.374000804498792e-06
grasp_77,filtered_goal,77,sphere,steady,2,True,6.379001206369139e-06
grasp_77,filtered_goal,77,sphere,steady,3,True,6.322001354419626e-06
grasp_78,filtered_goal,78,sphere,cold,0,True,6.396001481334679e-06
grasp_78,filtered_goal,78,sphere,steady,0,True,6.457001290982589e-06
grasp_78,filtered_goal,78,sphere,steady,1,True,6.4329997258028015e-06
grasp_78,filtered_goal,78,sphere,steady,2,True,6.326001312118024e-06
grasp_78,filtered_goal,78,sphere,steady,3,True,6.307000148808584e-06
grasp_79,filtered_goal,79,sphere,cold,0,True,6.333000783342868e-06
grasp_79,filtered_goal,79,sphere,steady,0,True,6.4280011429218575e-06
grasp_79,filtered_goal,79,sphere,steady,1,True,6.330001269816421e-06
grasp_79,filtered_goal,79,sphere,steady,2,True,6.325000867946073e-06
grasp_79,filtered_goal,79,sphere,steady,3,True,6.324000423774123e-06
grasp_80,filtered_goal,80,sphere,cold,0,True,6.3299994508270174e-06
grasp_80,filtered_goal,80,sphere,steady,0,True,6.3370007410412654e-06
grasp_80,filtered_goal,80,sphere,steady,1,True,6.3640000007580966e-06
grasp_80,filtered_goal,80,sphere,steady,2,True,6.357999154715799e-06
grasp_80,filtered_goal,80,sphere,steady,3,True,6.416999895009212e-06
grasp_81,filtered_goal,81,sphere,cold,0,True,6.469999789260328e-06
grasp_81,filtered_goal,81,sphere,steady,0,True,6.411000867956318e-06
grasp_81,filtered_goal,81,sphere,steady,1,True,6.34299976809416e-06
grasp_81,filtered_goal,81,sphere,steady,2,True,6.381000275723636e-06
grasp_81,filtered_goal,81,sphere,steady,3,True,6.4300002122763544e-06
grasp_82,filtered_goal,82,sphere,cold,0,True,6.489000952569768e-06
grasp_82,filtered_goal,82,sphere,steady,0,True,6.358999598887749e-06
grasp_82,filtered_goal,82,sphere,steady,1,True,6.320000466075726e-06
grasp_82,filtered_goal,82,sphere,steady,2,True,6.3850002334220335e-06
grasp_82,filtered_goal,82,sphere,steady,3,True,6.367999958456494e-06
grasp_83,filtered_goal,83,sphere,cold,0,True,6.487000064225867e-06
grasp_83,filtered_goal,83,sphere,steady,0,True,6.371999916154891e-06
grasp_83,filtered_goal,83,sphere,steady,1,True,6.676000339211896e-06
grasp_83,filtered_goal,83,sphere,steady,2,True,6.416999895009212e-06
grasp_83,filtered_goal,83,sphere,steady,3,True,6.492999091278762e-06
grasp_84,filtered_goal,84,sphere,cold,0,True,6.485999620053917e-06
grasp_84,filtered_goal,84,sphere,steady,0,True,6.4779997046571225e-06
grasp_84,filtered_goal,84,sphere,steady,1,True,6.374999429681338e-06
grasp_84,filtered_goal,84,sphere,steady,2,True,6.456999471993186e-06
grasp_84,filtered_goal,84,sphere,steady,3,True,6.4089999796124175e-06
grasp_85,filtered_goal,85,sphere,cold,0,True,6.6140000853920355e-06
grasp_85,filtered_goal,85,sphere,steady,0,True,6.458001735154539e-06
grasp_85,filtered_goal,85,sphere,steady,1,True,6.330999894998968e-06
grasp_85,filtered_goal,85,sphere,steady,2,True,6.390999260474928e-06
grasp_85,filtered_goal,85,sphere,steady,3,True,6.3850002334220335e-06
grasp_86,filtered_goal,86,sphere,cold,0,True,6.476999260485172e-06
grasp_86,filtered_goal,86,sphere,steady,0,True,8.623999747214839e-06
grasp_86,filtered_goal,86,sphere,steady,1,True,6.471998858614825e-06
grasp_86,filtered_goal,86,sphere,steady,2,True,6.439999197027646e-06
grasp_86,filtered_goal,86,sphere,steady,3,True,6.383001164067537e-06
grasp_87,filtered_goal,87,sphere,cold,0,True,6.314001439022832e-06
grasp_87,filtered_goal,87,sphere,steady,0,True,6.34299976809416e-06
grasp_87,filtered_goal,87,sphere,steady,1,True,6.371001290972345e-06
grasp_87,filtered_goal,87,sphere,steady,2,True,6.34500065643806e-06
grasp_87,filtered_goal,87,sphere,steady,3,True,6.301999746938236e-06
grasp_88,filtered_goal,88,sphere,cold,0,True,6.328999006655067e-06
grasp_88,filtered_goal,88,sphere,steady,0,True,6.336998922051862e-06
grasp_88,filtered_goal,88,sphere,steady,1,True,6.322999979602173e-06
grasp_88,filtered_goal,88,sphere,steady,2,True,6.285999916144647e-06
grasp_88,filtered_goal,88,sphere,steady,3,True,6.390000635292381e-06
grasp_89,filtered_goal,89,sphere,cold,0,True,6.392998329829425e-06
grasp_89,filtered_goal,89,sphere,steady,0,True,6.40500002191402e-06
grasp_89,filtered_goal,89,sphere,steady,1,True,6.378999387379736e-06
grasp_89,filtered_goal,89,sphere,steady,2,True,6.365000444930047e-06
grasp_89,filtered_goal,89,sphere,steady,3,True,6.3490006141364574e-06
grasp_90,filtered_goal,90,sphere,cold,0,True,6.424999810406007e-06
grasp_90,filtered_goal,90,sphere,steady,0,True,6.3659990701125935e-06
grasp_90,filtered_goal,90,sphere,steady,1,True,6.358999598887749e-06
grasp_90,filtered_goal,90,sphere,steady,2,True,6.362999556586146e-06
grasp_90,filtered_goal,90,sphere,steady,3,True,6.381998900906183e-06
grasp_91,filtered_goal,91,sphere,cold,0,True,6.4420000853715464e-06
grasp_91,filtered_goal,91,sphere,steady,0,True,6.305999704636633e-06
grasp_91,filtered_goal,91,sphere,steady,1,True,6.481001037172973e-06
grasp_91,filtered_goal,91,sphere,steady,2,True,6.338001185213216e-06
grasp_91,filtered_goal,91,sphere,steady,3,True,6.389000191120431e-06
grasp_92,filtered_goal,92,sphere,cold,0,True,6.410999048966914e-06
grasp_92,filtered_goal,92,sphere,steady,0,True,6.289999873843044e-06
grasp_92,filtered_goal,92,sphere,steady,1,True,6.330001269816421e-06
grasp_92,filtered_goal,92,sphere,steady,2,True,6.350999683490954e-06
grasp_92,filtered_goal,92,sphere,steady,3,True,6.342001142911613e-06
grasp_93,filtered_goal,93,sphere,cold,0,True,6.3520001276629046e-06
grasp_93,filtered_goal,93,sphere,steady,0,True,6.370999471982941e-06
grasp_93,filtered_goal,93,sphere,steady,1,True,6.312000550678931e-06
grasp_93,filtered_goal,93,sphere,steady,2,True,6.389000191120431e-06
grasp_93,filtered_goal,93,sphere,steady,3,True,6.394000592990778e-06
grasp_94,filtered_goal,94,sphere,cold,0,True,6.539999958476983e-06
grasp_94,filtered_goal,94,sphere,steady,0,True,6.399000994861126e-06
grasp_94,filtered_goal,94,sphere,steady,1,True,6.444000973715447e-06
grasp_94,filtered_goal,94,sphere,steady,2,True,6.3970001065172255e-06
grasp_94,filtered_goal,94,sphere,steady,3,True,6.3779989432077855e-06
grasp_95,filtered_goal,95,sphere,cold,0,True,6.399999620043673e-06
grasp_95,filtered_goal,95,sphere,steady,0,True,6.334999852697365e-06
grasp_95,filtered_goal,95,sphere,steady,1,True,6.34299976809416e-06
grasp_95,filtered_goal,95,sphere,steady,2,True,6.371999916154891e-06
grasp_95,filtered_goal,95,sphere,steady,3,True,6.362999556586146e-06
grasp_96,filtered_goal,96,sphere,cold,0,True,6.641999789280817e-06
grasp_96,filtered_goal,96,sphere,steady,0,True,6.439999197027646e-06
grasp_96,filtered_goal,96,sphere,steady,1,True,6.418000339181162e-06
grasp_96,filtered_goal,96,sphere,steady,2,True,6.4349987951572984e-06
grasp_96,filtered_goal,96,sphere,steady,3,True,6.395999662345275e-06
grasp_97,filtered_goal,97,sphere,cold,0,True,6.3520001276629046e-06
grasp_97,filtered_goal,97,sphere,steady,0,True,6.427000698749907e-06
grasp_97,filtered_goal,97,sphere,steady,1,True,6.4019986893981695e-06
grasp_97,filtered_goal,97,sphere,steady,2,True,6.338999810395762e-06
grasp_97,filtered_goal,97,sphere,steady,3,True,6.293999831541441e-06
grasp_98,filtered_goal,98,sphere,cold,0,True,6.434000169974752e-06
grasp_98,filtered_goal,98,sphere,steady,0,True,6.345999281620607e-06
grasp_98,filtered_goal,98,sphere,steady,1,True,6.3610004872316495e-06
grasp_98,filtered_goal,98,sphere,steady,2,True,6.3970001065172255e-06
grasp_98,filtered_goal,98,sphere,steady,3,True,6.381000275723636e-06
grasp_99,filtered_goal,99,sphere,cold,0,True,6.348998795147054e-06
grasp_99,filtered_goal,99,sphere,steady,0,True,6.377000318025239e-06
grasp_99,filtered_goal,99,sphere,steady,1,True,6.502999895019457e-06
grasp_99,filtered_goal,99,sphere,steady,2,True,6.378999387379736e-06
grasp_99,filtered_goal,99,sphere,steady,3,True,6.281999958446249e-06
grasp_100,filtered_goal,100,sphere,cold,0,True,6.40600046608597e-06
grasp_100,filtered_goal,100,sphere,steady,0,True,6.352998752845451e-06
grasp_100,filtered_goal,100,sphere,steady,1,True,6.380998456734233e-06
grasp_100,filtered_goal,100,sphere,steady,2,True,6.365000444930047e-06
grasp_100,filtered_goal,100,sphere,steady,3,True,6.303998816292733e-06
grasp_101,filtered_goal,101,sphere,cold,0,True,6.34400021226611e-06
grasp_101,filtered_goal,101,sphere,steady,0,True,6.38699930277653e-06
grasp_101,filtered_goal,101,sphere,steady,1,True,6.307000148808584e-06
grasp_101,filtered_goal,101,sphere,steady,2,True,6.287000360316597e-06
grasp_101,filtered_goal,101,sphere,steady,3,True,6.32699993730057e-06
grasp_102,filtered_goal,102,sphere,cold,0,True,6.472999302786775e-06
grasp_102,filtered_goal,102,sphere,steady,0,True,6.480000593001023e-06
grasp_102,filtered_goal,102,sphere,steady,1,True,6.40500002191402e-06
grasp_102,filtered_goal,102,sphere,steady,2,True,6.332000339170918e-06
grasp_102,filtered_goal,102,sphere,steady,3,True,6.322999979602173e-06
grasp_103,filtered_goal,103,sphere,cold,0,True,6.393000148818828e-06
grasp_103,filtered_goal,103,sphere,steady,0,True,6.357000529533252e-06
grasp_103,filtered_goal,103,sphere,steady,1,True,6.367999958456494e-06
grasp_103,filtered_goal,103,sphere,steady,2,True,6.379001206369139e-06
grasp_103,filtered_goal,103,sphere,steady,3,True,6.370000846800394e-06
grasp_104,filtered_goal,104,sphere,cold,0,True,6.487000064225867e-06
grasp_104,filtered_goal,104,sphere,steady,0,True,6.357000529533252e-06
grasp_104,filtered_goal,104,sphere,steady,1,True,6.313000994850881e-06
grasp_104,filtered_goal,104,sphere,steady,2,True,6.366999514284544e-06
grasp_104,filtered_goal,104,sphere,steady,3,True,6.305999704636633e-06
grasp_105,filtered_goal,105,sphere,cold,0,True,6.333999408525415e-06
grasp_105,filtered_goal,105,sphere,steady,0,True,6.329000825644471e-06
grasp_105,filtered_goal,105,sphere,steady,1,True,6.315000064205378e-06
grasp_105,filtered_goal,105,sphere,steady,2,True,6.318001396721229e-06
grasp_105,filtered_goal,105,sphere,steady,3,True,6.285999916144647e-06
grasp_106,filtered_goal,106,sphere,cold,0,True,6.295998900895938e-06
grasp_106,filtered_goal,106,sphere,steady,0,True,6.341000698739663e-06
grasp_106,filtered_goal,106,sphere,steady,1,True,6.282998583628796e-06
grasp_106,filtered_goal,106,sphere,steady,2,True,6.330001269816421e-06
grasp_106,filtered_goal,106,sphere,steady,3,True,6.24799940851517e-06
grasp_107,filtered_goal,107,sphere,cold,0,True,6.353000571834855e-06
grasp_107,filtered_goal,107,sphere,steady,0,True,6.42400118522346e-06
grasp_107,filtered_goal,107,sphere,steady,1,True,6.387999746948481e-06
grasp_107,filtered_goal,107,sphere,steady,2,True,6.459998985519633e-06
grasp_107,filtered_goal,107,sphere,steady,3,True,6.334001227514818e-06
grasp_108,filtered_goal,108,sphere,cold,0,True,6.446000043069944e-06
grasp_108,filtered_goal,108,sphere,steady,0,True,6.5349995566066355e-06
grasp_108,filtered_goal,108,sphere,steady,1,True,6.365000444930047e-06
grasp_108,filtered_goal,108,sphere,steady,2,True,6.457999916165136e-06
grasp_108,filtered_goal,108,sphere,steady,3,True,6.379999831551686e-06
grasp_109,filtered_goal,109,sphere,cold,0,True,6.443999154726043e-06
grasp_109,filtered_goal,109,sphere,steady,0,True,6.50000038149301e-06
grasp_109,filtered_goal,109,sphere,steady,1,True,6.40500002191402e-06
grasp_109,filtered_goal,109,sphere,steady,2,True,6.381000275723636e-06
grasp_109,filtered_goal,109,sphere,steady,3,True,6.3640000007580966e-06
grasp_110,filtered_goal,110,sphere,cold,0,True,6.4300002122763544e-06
grasp_110,filtered_goal,110,sphere,steady,0,True,6.42400118522346e-06
grasp_110,filtered_goal,110,sphere,steady,1,True,6.453001333284192e-06
grasp_110,filtered_goal,110,sphere,steady,2,True,6.3470015447819605e-06
grasp_110,filtered_goal,110,sphere,steady,3,True,6.327998562483117e-06
grasp_111,filtered_goal,111,sphere,cold,0,True,6.395999662345275e-06
grasp_111,filtered_goal,111,sphere,steady,0,True,6.369000402628444e-06
grasp_111,filtered_goal,111,sphere,steady,1,True,6.34299976809416e-06
grasp_111,filtered_goal,111,sphere,steady,2,True,2.0215999029460363e-05
grasp_111,filtered_goal,111,sphere,steady,3,True,6.345999281620607e-06
grasp_112,filtered_goal,112,sphere,cold,0,True,6.311000106506981e-06
grasp_112,filtered_goal,112,sphere,steady,0,True,6.274000043049455e-06
grasp_112,filtered_goal,112,sphere,steady,1,True,6.258000212255865e-06
grasp_112,filtered_goal,112,sphere,steady,2,True,6.480000593001023e-06
grasp_112,filtered_goal,112,sphere,steady,3,True,6.341000698739663e-06
home,named_config,,mesh,cold,0,True,0.3991282050010341
home,named_config,,mesh,steady,0,True,0.3934173500001634
home,named_config,,mesh,steady,1,True,0.39499570299994957
home,named_config,,mesh,steady,2,True,0.3973348219988111
home,named_config,,mesh,steady,3,True,0.401159982999161
grasp_0,filtered_goal,0,mesh,cold,0,True,9.279299956688192e-05
grasp_0,filtered_goal,0,mesh,steady,0,True,4.826499935006723e-05
grasp_0,filtered_goal,0,mesh,steady,1,True,4.601499858836178e-05
grasp_0,filtered_goal,0,mesh,steady,2,True,4.5294000301510096e-05
grasp_0,filtered_goal,0,mesh,steady,3,True,4.507999983616173e-05
grasp_1,filtered_goal,1,mesh,cold,0,True,4.668099973059725e-05
grasp_1,filtered_goal,1,mesh,steady,0,True,4.6142999053699896e-05
grasp_1,filtered_goal,1,mesh,steady,1,True,4.5638000301551074e-05
grasp_1,filtered_goal,1,mesh,steady,2,True,4.555200030154083e-05
grasp_1,filtered_goal,1,mesh,steady,3,True,4.555099985736888e-05
grasp_2,filtered_goal,2,mesh,cold,0,True,4.79949994769413e-05
grasp_2,filtered_goal,2,mesh,steady,0,True,4.672599970945157e-05
grasp_2,filtered_goal,2,mesh,steady,1,True,4.7958999857655726e-05
grasp_2,filtered_goal,2,mesh,steady,2,True,4.6658000428578816e-05
grasp_2,filtered_goal,2,mesh,steady,3,True,4.634600009012502e-05
grasp_3,filtered_goal,3,mesh,cold,0,True,4.1465000322205015e-05
grasp_3,filtered_goal,3,mesh,steady,0,True,4.121300116821658e-05
grasp_3,filtered_goal,3,mesh,steady,1,True,4.104000072402414e-05
grasp_3,filtered_goal,3,mesh,steady,2,True,4.1278000935562886e-05
grasp_3,filtered_goal,3,mesh,steady,3,True,4.113300019525923e-05
grasp_4,filtered_goal,4,mesh,cold,0,True,0.0002280770004290389
grasp_4,filtered_goal,4,mesh,steady,0,True,0.00019034799879591446
grasp_4,filtered_goal,4,mesh,steady,1,True,0.0001881360003608279
grasp_4,filtered_goal,4,mesh,steady,2,True,0.00018590099898574408
grasp_4,filtered_goal,4,mesh,steady,3,True,0.00018398999964119866
grasp_5,filtered_goal,5,mesh,cold,0,True,4.263800110493321e-05
grasp_5,filtered_goal,5,mesh,steady,0,True,4.1557999793440104e-05
grasp_5,filtered_goal,5,mesh,steady,1,True,4.131700006837491e-05
grasp_5,filtered_goal,5,mesh,steady,2,True,4.1387000237591565e-05
grasp_5,filtered_goal,5,mesh,steady,3,True,4.130299930693582e-05
grasp_6,filtered_goal,6,mesh,cold,0,True,0.04589029899943853
grasp_6,filtered_goal,6,mesh,steady,0,True,0.04545470999983081
grasp_6,filtered_goal,6,mesh,steady,1,True,0.044661703999736346
grasp_6,filtered_goal,6,mesh,steady,2,True,0.04490403599993442
grasp_6,filtered_goal,6,mesh,steady,3,True,0.04477490899989789
grasp_7,filtered_goal,7,mesh,cold,0,True,0.00013402100012172014
grasp_7,filtered_goal,7,mesh,steady,0,True,9.723299990582746e-05
grasp_7,filtered_goal,7,mesh,steady,1,True,9.378499999002088e-05
grasp_7,filtered_goal,7,mesh,steady,2,True,9.280800077249296e-05
grasp_7,filtered_goal,7,mesh,steady,3,True,9.245000001101289e-05
grasp_8,filtered_goal,8,mesh,cold,0,True,8.120799975586124e-05
grasp_8,filtered_goal,8,mesh,steady,0,True,7.230399933177978e-05
grasp_8,filtered_goal,8,mesh,steady,1,True,7.339699914155062e-05
grasp_8,filtered_goal,8,mesh,steady,2,True,7.100399852788541e-05
grasp_8,filtered_goal,8,mesh,steady,3,True,7.067700062179938e-05
grasp_9,filtered_goal,9,mesh,cold,0,True,4.1475999751128256e-05
grasp_9,filtered_goal,9,mesh,steady,0,True,4.0766000893199816e-05
grasp_9,filtered_goal,9,mesh,steady,1,True,4.0537001041229814e-05
grasp_9,filtered_goal,9,mesh,steady,2,True,4.059300044900738e-05
grasp_9,filtered_goal,9,mesh,steady,3,True,4.0425000406685285e-05
grasp_10,filtered_goal,10,mesh,cold,0,True,0.4624030120012321
grasp_10,filtered_goal,10,mesh,steady,0,True,0.46214035699995293
grasp_10,filtered_goal,10,mesh,steady,1,True,0.463004668999929
grasp_10,filtered_goal,10,mesh,steady,2,True,0.45710508599950117
grasp_10,filtered_goal,10,mesh,steady,3,True,0.45989972400093393
grasp_11,filtered_goal,11,mesh,cold,0,True,6.617100007133558e-05
grasp_11,filtered_goal,11,mesh,steady,0,True,4.1989000237663276e-05
grasp_11,filtered_goal,11,mesh,steady,1,True,4.0887998693506233e-05
grasp_11,filtered_goal,11,mesh,steady,2,True,4.057099977217149e-05
grasp_11,filtered_goal,11,mesh,steady,3,True,4.077800076629501e-05
grasp_12,filtered_goal,12,mesh,cold,0,True,4.122099926462397e-05
grasp_12,filtered_goal,12,mesh,steady,0,True,4.067599911650177e-05
grasp_12,filtered_goal,12,mesh,steady,1,True,4.063299820700195e-05
grasp_12,filtered_goal,12,mesh,steady,2,True,4.0627999624121e-05
grasp_12,filtered_goal,12,mesh,steady,3,True,4.0548000470153056e-05
grasp_13,filtered_goal,13,mesh,cold,0,True,0.05346220299907145
grasp_13,filtered_goal,13,mesh,steady,0,True,0.05358691000037652
grasp_13,filtered_goal,13,mesh,steady,1,True,0.05326753800000006
grasp_13,filtered_goal,13,mesh,steady,2,True,0.05356800300069153
grasp_13,filtered_goal,13,mesh,steady,3,True,0.0529662709996046
grasp_14,filtered_goal,14,mesh,cold,0,True,7.758499850751832e-05
grasp_14,filtered_goal,14,mesh,steady,0,True,5.3125999329495244e-05
grasp_14,filtered_goal,14,mesh,steady,1,True,5.138100095791742e-05
grasp_14,filtered_goal,14,mesh,steady,2,True,5.099400004837662e-05
grasp_14,filtered_goal,14,mesh,steady,3,True,5.113699990033638e-05
grasp_15,filtered_goal,15,mesh,cold,0,True,4.5279999540071e-05
grasp_15,filtered_goal,15,mesh,steady,0,True,4.288600030122325e-05
grasp_15,filtered_goal,15,mesh,steady,1,True,4.270899989933241e-05
grasp_15,filtered_goal,15,mesh,steady,2,True,4.256799911672715e-05
grasp_15,filtered_goal,15,mesh,steady,3,True,4.2499999835854396e-05
grasp_16,filtered_goal,16,mesh,cold,0,True,0.32747268799903395
grasp_16,filtered_goal,16,mesh,steady,0,True,0.33142789300109143
grasp_16,filtered_goal,16,mesh,steady,1,True,0.3054842719993758
grasp_16,filtered_goal,16,mesh,steady,2,True,0.3137736919998133
grasp_16,filtered_goal,16,mesh,steady,3,True,0.30893055699925753
grasp_17,filtered_goal,17,mesh,cold,0,True,8.107599933282472e-05
grasp_17,filtered_goal,17,mesh,steady,0,True,5.4888998420210555e-05
grasp_17,filtered_goal,17,mesh,steady,1,True,4.987800093658734e-05
grasp_17,filtered_goal,17,mesh,steady,2,True,4.9512000259710476e-05
grasp_17,filtered_goal,17,mesh,steady,3,True,4.927700138068758e-05
grasp_18,filtered_goal,18,mesh,cold,0,True,0.0005736429993703496
grasp_18,filtered_goal,18,mesh,steady,0,True,0.0005427199994301191
grasp_18,filtered_goal,18,mesh,steady,1,True,0.000537326999619836
grasp_18,filtered_goal,18,mesh,steady,2,True,0.0005381380015023751
grasp_18,filtered_goal,18,mesh,steady,3,True,0.0005397579989221413
grasp_19,filtered_goal,19,mesh,cold,0,True,4.981500023859553e-05
grasp_19,filtered_goal,19,mesh,steady,0,True,4.9311000111629255e-05
grasp_19,filtered_goal,19,mesh,steady,1,True,4.5963000957272016e-05
grasp_19,filtered_goal,19,mesh,steady,2,True,4.57499991171062e-05
grasp_19,filtered_goal,19,mesh,steady,3,True,4.543700015346985e-05
grasp_20,filtered_goal,20,mesh,cold,0,True,0.067195386000094
grasp_20,filtered_goal,20,mesh,steady,0,True,0.06791971200073021
grasp_20,filtered_goal,20,mesh,steady,1,True,0.06751092800004699
grasp_20,filtered_goal,20,mesh,steady,2,True,0.06577650799954426
grasp_20,filtered_goal,20,mesh,steady,3,True,0.06563724999978149
grasp_21,filtered_goal,21,mesh,cold,0,True,6.237299930944573e-05
grasp_21,filtered_goal,21,mesh,steady,0,True,3.945199932786636e-05
grasp_21,filtered_goal,21,mesh,steady,1,True,3.8767000660300255e-05
grasp_21,filtered_goal,21,mesh,steady,2,True,3.817300057562534e-05
grasp_21,filtered_goal,21,mesh,steady,3,True,3.866299994115252e-05
grasp_22,filtered_goal,22,mesh,cold,0,True,3.924900011043064e-05
grasp_22,filtered_goal,22,mesh,steady,0,True,3.795999873545952e-05
grasp_22,filtered_goal,22,mesh,steady,1,True,3.8455000321846455e-05
grasp_22,filtered_goal,22,mesh,steady,2,True,3.827699947578367e-05
grasp_22,filtered_goal,22,mesh,steady,3,True,3.837199983536266e-05
grasp_23,filtered_goal,23,mesh,cold,0,True,3.8313999539241195e-05
grasp_23,filtered_goal,23,mesh,steady,0,True,3.8158999814186245e-05
grasp_23,filtered_goal,23,mesh,steady,1,True,3.816099888354074e-05
grasp_23,filtered_goal,23,mesh,steady,2,True,3.812200156971812e-05
grasp_23,filtered_goal,23,mesh,steady,3,True,3.810300040640868e-05
grasp_24,filtered_goal,24,mesh,cold,0,True,3.813700095633976e-05
grasp_24,filtered_goal,24,mesh,steady,0,True,3.801700040639844e-05
grasp_24,filtered_goal,24,mesh,steady,1,True,3.813600051216781e-05
grasp_24,filtered_goal,24,mesh,steady,2,True,3.808899964496959e-05
grasp_24,filtered_goal,24,mesh,steady,3,True,4.0614000681671314e-05
grasp_25,filtered_goal,25,mesh,cold,0,True,4.386299951875117e-05
grasp_25,filtered_goal,25,mesh,steady,0,True,4.034300036437344e-05
grasp_25,filtered_goal,25,mesh,steady,1,True,4.0024000554694794e-05
grasp_25,filtered_goal,25,mesh,steady,2,True,4.005600021628197e-05
grasp_25,filtered_goal,25,mesh,steady,3,True,4.006600102002267e-05
grasp_26,filtered_goal,26,mesh,cold,0,True,4.095800068171229e-05
grasp_26,filtered_goal,26,mesh,steady,0,True,3.9745000322000124e-05
grasp_26,filtered_goal,26,mesh,steady,1,True,3.9786998968338594e-05
grasp_26,filtered_goal,26,mesh,steady,2,True,3.995000042777974e-05
grasp_26,filtered_goal,26,mesh,steady,3,True,3.9606000427738763e-05
grasp_27,filtered_goal,27,mesh,cold,0,True,3.860200013150461e-05
grasp_27,filtered_goal,27,mesh,steady,0,True,3.841499892587308e-05
grasp_27,filtered_goal,27,mesh,steady,1,True,3.8270000004558824e-05
grasp_27,filtered_goal,27,mesh,steady,2,True,3.823199949692935e-05
grasp_27,filtered_goal,27,mesh,steady,3,True,3.815099989878945e-05
grasp_28,filtered_goal,28,mesh,cold,0,True,4.174399873591028e-05
grasp_28,filtered_goal,28,mesh,steady,0,True,4.080800135852769e-05
grasp_28,filtered_goal,28,mesh,steady,1,True,4.0581000575912185e-05
grasp_28,filtered_goal,28,mesh,steady,2,True,4.049800008942839e-05
grasp_28,filtered_goal,28,mesh,steady,3,True,4.0487000660505146e-05
grasp_29,filtered_goal,29,mesh,cold,0,True,3.8191999919945374e-05
grasp_29,filtered_goal,29,mesh,steady,0,True,3.824499981419649e-05
grasp_29,filtered_goal,29,mesh,steady,1,True,3.834000017377548e-05
grasp_29,filtered_goal,29,mesh,steady,2,True,3.8271000448730774e-05
grasp_29,filtered_goal,29,mesh,steady,3,True,4.0562999856774695e-05
grasp_30,filtered_goal,30,mesh,cold,0,True,0.029766296000161674
grasp_30,filtered_goal,30,mesh,steady,0,True,0.029477086000042618
grasp_30,filtered_goal,30,mesh,steady,1,True,0.029171972999392892
grasp_30,filtered_goal,30,mesh,steady,2,True,0.029854152000552858
grasp_30,filtered_goal,30,mesh,steady,3,True,0.030925854000088293
grasp_31,filtered_goal,31,mesh,cold,0,True,6.627400034631137e-05
grasp_31,filtered_goal,31,mesh,steady,0,True,4.2515999666647986e-05
grasp_31,filtered_goal,31,mesh,steady,1,True,4.128199907427188e-05
grasp_31,filtered_goal,31,mesh,steady,2,True,4.1154000427923165e-05
grasp_31,filtered_goal,31,mesh,steady,3,True,4.125700070289895e-05
grasp_32,filtered_goal,32,mesh,cold,0,True,0.022685632000502665
grasp_32,filtered_goal,32,mesh,steady,0,True,0.02270496299934166
grasp_32,filtered_goal,32,mesh,steady,1,True,0.02236059999995632
grasp_32,filtered_goal,32,mesh,steady,2,True,0.021748048999143066
grasp_32,filtered_goal,32,mesh,steady,3,True,0.021767334001197014
grasp_33,filtered_goal,33,mesh,cold,0,True,6.484899859060533e-05
grasp_33,filtered_goal,33,mesh,steady,0,True,4.091700066055637e-05
grasp_33,filtered_goal,33,mesh,steady,1,True,4.00200005969964e-05
grasp_33,filtered_goal,33,mesh,steady,2,True,3.9911999920150265e-05
grasp_33,filtered_goal,33,mesh,steady,3,True,3.995100087195169e-05
grasp_34,filtered_goal,34,mesh,cold,0,True,0.07587251399854722
grasp_34,filtered_goal,34,mesh,steady,0,True,0.07590436200007389
grasp_34,filtered_goal,34,mesh,steady,1,True,0.07609418599895434
grasp_34,filtered_goal,34,mesh,steady,2,True,0.07707461000063631
grasp_34,filtered_goal,34,mesh,steady,3,True,0.07546155700038071
grasp_35,filtered_goal,35,mesh,cold,0,True,0.0992735920008272
grasp_35,filtered_goal,35,mesh,steady,0,True,0.10001243300030183
grasp_35,filtered_goal,35,mesh,steady,1,True,0.09874479500103917
grasp_35,filtered_goal,35,mesh,steady,2,True,0.09887443499974324
grasp_35,filtered_goal,35,mesh,steady,3,True,0.10100495999904524
grasp_36,filtered_goal,36,mesh,cold,0,True,0.16018735800025752
grasp_36,filtered_goal,36,mesh,steady,0,True,0.1572882620002929
grasp_36,filtered_goal,36,mesh,steady,1,True,0.16240790199844923
grasp_36,filtered_goal,36,mesh,steady,2,True,0.1612672620012745
grasp_36,filtered_goal,36,mesh,steady,3,True,0.16199625199988077
grasp_37,filtered_goal,37,mesh,cold,0,True,0.19963381799971103
grasp_37,filtered_goal,37,mesh,steady,0,True,0.20116449200031639
grasp_37,filtered_goal,37,mesh,steady,1,True,0.19743919700158585
grasp_37,filtered_goal,37,mesh,steady,2,True,0.1973304229995847
grasp_37,filtered_goal,37,mesh,steady,3,True,0.19880836700031068
grasp_38,filtered_goal,38,mesh,cold,0,True,8.72370001161471e-05
grasp_38,filtered_goal,38,mesh,steady,0,True,5.8683001043391414e-05
grasp_38,filtered_goal,38,mesh,steady,1,True,5.380299990065396e-05
grasp_38,filtered_goal,38,mesh,steady,2,True,5.315899943525437e-05
grasp_38,filtered_goal,38,mesh,steady,3,True,5.45940001757117e-05
grasp_39,filtered_goal,39,mesh,cold,0,True,0.21529208200081484
grasp_39,filtered_goal,39,mesh,steady,0,True,0.21379435599919816
grasp_39,filtered_goal,39,mesh,steady,1,True,0.21188368500042998
grasp_39,filtered_goal,39,mesh,steady,2,True,0.21326066400069976
grasp_39,filtered_goal,39,mesh,steady,3,True,0.21608937499877356
grasp_40,filtered_goal,40,mesh,cold,0,True,0.17690607399890723
grasp_40,filtered_goal,40,mesh,steady,0,True,0.17614827200122818
grasp_40,filtered_goal,40,mesh,steady,1,True,0.1797431239992875
grasp_40,filtered_goal,40,mesh,steady,2,True,0.17750048900052207
grasp_40,filtered_goal,40,mesh,steady,3,True,0.1739845089996379
grasp_41,filtered_goal,41,mesh,cold,0,True,0.22042486399914196
grasp_41,filtered_goal,41,mesh,steady,0,True,0.2198250099991128
grasp_41,filtered_goal,41,mesh,steady,1,True,0.21823335599947313
grasp_41,filtered_goal,41,mesh,steady,2,True,0.21868767399973876
grasp_41,filtered_goal,41,mesh,steady,3,True,0.2216618139991624
grasp_42,filtered_goal,42,mesh,cold,0,True,7.060799907776527e-05
grasp_42,filtered_goal,42,mesh,steady,0,True,3.952699989895336e-05
grasp_42,filtered_goal,42,mesh,steady,1,True,3.8559999666176736e-05
grasp_42,filtered_goal,42,mesh,steady,2,True,3.835300049104262e-05
grasp_42,filtered_goal,42,mesh,steady,3,True,3.819900121015962e-05
grasp_43,filtered_goal,43,mesh,cold,0,True,0.12085678699986602
grasp_43,filtered_goal,43,mesh,steady,0,True,0.12122390799959248
grasp_43,filtered_goal,43,mesh,steady,1,True,0.11963687000024947
grasp_43,filtered_goal,43,mesh,steady,2,True,0.11942618500142999
grasp_43,filtered_goal,43,mesh,steady,3,True,0.11951295399921946
grasp_44,filtered_goal,44,mesh,cold,0,True,0.1204701410006237
grasp_44,filtered_goal,44,mesh,steady,0,True,0.11860415999944962
grasp_44,filtered_goal,44,mesh,steady,1,True,0.11637379899912048
grasp_44,filtered_goal,44,mesh,steady,2,True,0.11638158499954443
grasp_44,filtered_goal,44,mesh,steady,3,True,0.11983812899961777
grasp_45,filtered_goal,45,mesh,cold,0,True,0.2046737740001845
grasp_45,filtered_goal,45,mesh,steady,0,True,0.20353976499973214
grasp_45,filtered_goal,45,mesh,steady,1,True,0.2048461779995705
grasp_45,filtered_goal,45,mesh,steady,2,True,0.20587947700005316
grasp_45,filtered_goal,45,mesh,steady,3,True,0.2036073210001632
grasp_46,filtered_goal,46,mesh,cold,0,True,6.562199996551499e-05
grasp_46,filtered_goal,46,mesh,steady,0,True,4.406100015330594e-05
grasp_46,filtered_goal,46,mesh,steady,1,True,4.058400008943863e-05
grasp_46,filtered_goal,46,mesh,steady,2,True,4.048100163345225e-05
grasp_46,filtered_goal,46,mesh,steady,3,True,4.046700087201316e-05
grasp_47,filtered_goal,47,mesh,cold,0,True,3.9398999433615245e-05
grasp_47,filtered_goal,47,mesh,steady,0,True,3.927999932784587e-05
grasp_47,filtered_goal,47,mesh,steady,1,True,3.911199928552378e-05
grasp_47,filtered_goal,47,mesh,steady,2,True,7.665699922654312e-05
grasp_47,filtered_goal,47,mesh,steady,3,True,3.9309001294896007e-05
grasp_48,filtered_goal,48,mesh,cold,0,True,0.1742427540011704
grasp_48,filtered_goal,48,mesh,steady,0,True,0.17463071300153388
grasp_48,filtered_goal,48,mesh,steady,1,True,0.1771097840010043
grasp_48,filtered_goal,48,mesh,steady,2,True,0.17721934099972714
grasp_48,filtered_goal,48,mesh,steady,3,True,0.176047541999651
grasp_49,filtered_goal,49,mesh,cold,0,True,0.18755867999971088
grasp_49,filtered_goal,49,mesh,steady,0,True,0.188324411999929
grasp_49,filtered_goal,49,mesh,steady,1,True,0.19120358600048348
grasp_49,filtered_goal,49,mesh,steady,2,True,0.1912366069991549
grasp_49,filtered_goal,49,mesh,steady,3,True,0.19050231000073836
grasp_50,filtered_goal,50,mesh,cold,0,True,7.388900121441111e-05
grasp_50,filtered_goal,50,mesh,steady,0,True,4.7092000386328436e-05
grasp_50,filtered_goal,50,mesh,steady,1,True,4.560900015349034e-05
grasp_50,filtered_goal,50,mesh,steady,2,True,4.530499973043334e-05
grasp_50,filtered_goal,50,mesh,steady,3,True,4.514399915933609e-05
grasp_51,filtered_goal,51,mesh,cold,0,True,0.15866217000075267
grasp_51,filtered_goal,51,mesh,steady,0,True,0.15672987900143198
grasp_51,filtered_goal,51,mesh,steady,1,True,0.1584538250008336
grasp_51,filtered_goal,51,mesh,steady,2,True,0.15849915999933728
grasp_51,filtered_goal,51,mesh,steady,3,True,0.15812541299965233
grasp_52,filtered_goal,52,mesh,cold,0,True,0.1280550770006812
grasp_52,filtered_goal,52,mesh,steady,0,True,0.12807649199930893
grasp_52,filtered_goal,52,mesh,steady,1,True,0.13129424699945957
grasp_52,filtered_goal,52,mesh,steady,2,True,0.12869518300067284
grasp_52,filtered_goal,52,mesh,steady,3,True,0.1281016520006233
grasp_53,filtered_goal,53,mesh,cold,0,True,0.20598552499905054
grasp_53,filtered_goal,53,mesh,steady,0,True,0.20794171399938932
grasp_53,filtered_goal,53,mesh,steady,1,True,0.20571342699986417
grasp_53,filtered_goal,53,mesh,steady,2,True,0.20247900600043067
grasp_53,filtered_goal,53,mesh,steady,3,True,0.20297343600032036
grasp_54,filtered_goal,54,mesh,cold,0,True,0.20759327300038422
grasp_54,filtered_goal,54,mesh,steady,0,True,0.2048815050002304
grasp_54,filtered_goal,54,mesh,steady,1,True,0.20617030299945327
grasp_54,filtered_goal,54,mesh,steady,2,True,0.20797907299856888
grasp_54,filtered_goal,54,mesh,steady,3,True,0.2058719460001157
grasp_55,filtered_goal,55,mesh,cold,0,True,7.291699876077473e-05
grasp_55,filtered_goal,55,mesh,steady,0,True,4.750299922307022e-05
grasp_55,filtered_goal,55,mesh,steady,1,True,4.646099841920659e-05
grasp_55,filtered_goal,55,mesh,steady,2,True,4.633000025933143e-05
grasp_55,filtered_goal,55,mesh,steady,3,True,4.619300125341397e-05
grasp_56,filtered_goal,56,mesh,cold,0,True,0.20537893300024734
grasp_56,filtered_goal,56,mesh,steady,0,True,0.20626875199923234
grasp_56,filtered_goal,56,mesh,steady,1,True,0.20417172599991318
grasp_56,filtered_goal,56,mesh,steady,2,True,0.20513367199964705
grasp_56,filtered_goal,56,mesh,steady,3,True,0.20230880200142565
grasp_57,filtered_goal,57,mesh,cold,0,True,0.22729383800106007
grasp_57,filtered_goal,57,mesh,steady,0,True,0.2220791529998678
grasp_57,filtered_goal,57,mesh,steady,1,True,0.22716805799973372
grasp_57,filtered_goal,57,mesh,steady,2,True,0.22128458200131718
grasp_57,filtered_goal,57,mesh,steady,3,True,0.21853577100046095
grasp_58,filtered_goal,58,mesh,cold,0,True,0.0003258830001868773
grasp_58,filtered_goal,58,mesh,steady,0,True,0.00026505299865675624
grasp_58,filtered_goal,58,mesh,steady,1,True,0.00025680500039015897
grasp_58,filtered_goal,58,mesh,steady,2,True,0.00026253299984091427
grasp_58,filtered_goal,58,mesh,steady,3,True,0.0002574010013631778
grasp_59,filtered_goal,59,mesh,cold,0,True,0.19825921400115476
grasp_59,filtered_goal,59,mesh,steady,0,True,0.19847166699946683
grasp_59,filtered_goal,59,mesh,steady,1,True,0.1970753949990467
grasp_59,filtered_goal,59,mesh,steady,2,True,0.19485576099941682
grasp_59,filtered_goal,59,mesh,steady,3,True,0.19739548800134799
grasp_60,filtered_goal,60,mesh,cold,0,True,0.21135105099892826
grasp_60,filtered_goal,60,mesh,steady,0,True,0.20711893400039116
grasp_60,filtered_goal,60,mesh,steady,1,True,0.2109758269998565
grasp_60,filtered_goal,60,mesh,steady,2,True,0.2080385289991682
grasp_60,filtered_goal,60,mesh,steady,3,True,0.2052881689996866
grasp_61,filtered_goal,61,mesh,cold,0,True,6.32720002613496e-05
grasp_61,filtered_goal,61,mesh,steady,0,True,4.0159999116440304e-05
grasp_61,filtered_goal,61,mesh,steady,1,True,3.951699909521267e-05
grasp_61,filtered_goal,61,mesh,steady,2,True,3.8784000935265794e-05
grasp_61,filtered_goal,61,mesh,steady,3,True,3.940900023735594e-05
grasp_62,filtered_goal,62,mesh,cold,0,True,0.00012305200107221026
grasp_62,filtered_goal,62,mesh,steady,0,True,0.000104228000054718
grasp_62,filtered_goal,62,mesh,steady,1,True,0.00010068600022350438
grasp_62,filtered_goal,62,mesh,steady,2,True,9.943599980033468e-05
grasp_62,filtered_goal,62,mesh,steady,3,True,0.00010079600178869441
grasp_63,filtered_goal,63,mesh,cold,0,True,0.25374798300072143
grasp_63,filtered_goal,63,mesh,steady,0,True,0.255185004998566
grasp_63,filtered_goal,63,mesh,steady,1,True,0.2547043840004335
grasp_63,filtered_goal,63,mesh,steady,2,True,0.257177812000009
grasp_63,filtered_goal,63,mesh,steady,3,True,0.25476942600107577
grasp_64,filtered_goal,64,mesh,cold,0,True,0.15964313500080607
grasp_64,filtered_goal,64,mesh,steady,0,True,0.16124915399996098
grasp_64,filtered_goal,64,mesh,steady,1,True,0.16031919899978675
grasp_64,filtered_goal,64,mesh,steady,2,True,0.16027335800026776
grasp_64,filtered_goal,64,mesh,steady,3,True,0.16155972300111898
grasp_65,filtered_goal,65,mesh,cold,0,True,0.209310402000483
grasp_65,filtered_goal,65,mesh,steady,0,True,0.20760742499987828
grasp_65,filtered_goal,65,mesh,steady,1,True,0.20627442300065013
grasp_65,filtered_goal,65,mesh,steady,2,True,0.2061021779991279
grasp_65,filtered_goal,65,mesh,steady,3,True,0.20738892600093095
grasp_66,filtered_goal,66,mesh,cold,0,True,0.0001302109994867351
grasp_66,filtered_goal,66,mesh,steady,0,True,8.658200022182427e-05
grasp_66,filtered_goal,66,mesh,steady,1,True,8.32759997138055e-05
grasp_66,filtered_goal,66,mesh,steady,2,True,8.209899897337891e-05
grasp_66,filtered_goal,66,mesh,steady,3,True,8.088200047495775e-05
grasp_67,filtered_goal,67,mesh,cold,0,True,0.2533255210000789
grasp_67,filtered_goal,67,mesh,steady,0,True,0.25550760899932357
grasp_67,filtered_goal,67,mesh,steady,1,True,0.2552080079985899
grasp_67,filtered_goal,67,mesh,steady,2,True,0.26087364699924365
grasp_67,filtered_goal,67,mesh,steady,3,True,0.2575754979989142
grasp_68,filtered_goal,68,mesh,cold,0,True,0.2268755629993393
grasp_68,filtered_goal,68,mesh,steady,0,True,0.22567310799968254
grasp_68,filtered_goal,68,mesh,steady,1,True,0.2263445150001644
grasp_68,filtered_goal,68,mesh,steady,2,True,0.22639745699962077
grasp_68,filtered_goal,68,mesh,steady,3,True,0.22589016299934883
grasp_69,filtered_goal,69,mesh,cold,0,True,0.19050306200006162
grasp_69,filtered_goal,69,mesh,steady,0,True,0.1891693369998393
grasp_69,filtered_goal,69,mesh,steady,1,True,0.19259983499978262
grasp_69,filtered_goal,69,mesh,steady,2,True,0.19202707600015856
grasp_69,filtered_goal,69,mesh,steady,3,True,0.18785910999940825
grasp_70,filtered_goal,70,mesh,cold,0,True,6.177199975354597e-05
grasp_70,filtered_goal,70,mesh,steady,0,True,3.9661999835516326e-05
grasp_70,filtered_goal,70,mesh,steady,1,True,4.058400008943863e-05
grasp_70,filtered_goal,70,mesh,steady,2,True,3.8053000025684014e-05
grasp_70,filtered_goal,70,mesh,steady,3,True,3.795700104092248e-05
grasp_71,filtered_goal,71,mesh,cold,0,True,0.1332819790004578
grasp_71,filtered_goal,71,mesh,steady,0,True,0.13282355899900722
grasp_71,filtered_goal,71,mesh,steady,1,True,0.1358315399993444
grasp_71,filtered_goal,71,mesh,steady,2,True,0.13860641999963264
grasp_71,filtered_goal,71,mesh,steady,3,True,0.14054090499848826
grasp_72,filtered_goal,72,mesh,cold,0,True,0.15142721600022924
grasp_72,filtered_goal,72,mesh,steady,0,True,0.15080225599922414
grasp_72,filtered_goal,72,mesh,steady,1,True,0.15297104900128033
grasp_72,filtered_goal,72,mesh,steady,2,True,0.15054675099963788
grasp_72,filtered_goal,72,mesh,steady,3,True,0.14888758300003246
grasp_73,filtered_goal,73,mesh,cold,0,True,0.18308004400023492
grasp_73,filtered_goal,73,mesh,steady,0,True,0.18667605399969034
grasp_73,filtered_goal,73,mesh,steady,1,True,0.1948079689991573
grasp_73,filtered_goal,73,mesh,steady,2,True,0.1949393089998921
grasp_73,filtered_goal,73,mesh,steady,3,True,0.19310980700174696
grasp_74,filtered_goal,74,mesh,cold,0,True,0.2095233600011852
grasp_74,filtered_goal,74,mesh,steady,0,True,0.21537837000141735
grasp_74,filtered_goal,74,mesh,steady,1,True,0.2010343809997721
grasp_74,filtered_goal,74,mesh,steady,2,True,0.2104459570000472
grasp_74,filtered_goal,74,mesh,steady,3,True,0.20821738199992978
grasp_75,filtered_goal,75,mesh,cold,0,True,7.356700007221662e-05
grasp_75,filtered_goal,75,mesh,steady,0,True,4.0439999793306924e-05
grasp_75,filtered_goal,75,mesh,steady,1,True,3.976799962401856e-05
grasp_75,filtered_goal,75,mesh,steady,2,True,3.94729995605303e-05
grasp_75,filtered_goal,75,mesh,steady,3,True,3.9173000914161094e-05
grasp_76,filtered_goal,76,mesh,cold,0,True,0.1606864740006131
grasp_76,filtered_goal,76,mesh,steady,0,True,0.1614828910005599
grasp_76,filtered_goal,76,mesh,steady,1,True,0.16432177199931175
grasp_76,filtered_goal,76,mesh,steady,2,True,0.16554599099981715
grasp_76,filtered_goal,76,mesh,steady,3,True,0.15582118400016043
grasp_77,filtered_goal,77,mesh,cold,0,True,0.00012001300092379097
grasp_77,filtered_goal,77,mesh,steady,0,True,7.754900070722215e-05
grasp_77,filtered_goal,77,mesh,steady,1,True,7.313700007216539e-05
grasp_77,filtered_goal,77,mesh,steady,2,True,7.080899922584649e-05
grasp_77,filtered_goal,77,mesh,steady,3,True,5.784900167782325e-05
grasp_78,filtered_goal,78,mesh,cold,0,True,0.0001062360006471863
grasp_78,filtered_goal,78,mesh,steady,0,True,9.949400009645615e-05
grasp_78,filtered_goal,78,mesh,steady,1,True,6.86269995640032e-05
grasp_78,filtered_goal,78,mesh,steady,2,True,6.945000131963752e-05
grasp_78,filtered_goal,78,mesh,steady,3,True,6.526499964820687e-05
grasp_79,filtered_goal,79,mesh,cold,0,True,0.23695619299905957
grasp_79,filtered_goal,79,mesh,steady,0,True,0.23917143299877353
grasp_79,filtered_goal,79,mesh,steady,1,True,0.23691920200144523
grasp_79,filtered_goal,79,mesh,steady,2,True,0.24001877699993202
grasp_79,filtered_goal,79,mesh,steady,3,True,0.2423500620006962
grasp_80,filtered_goal,80,mesh,cold,0,True,0.18865325200022198
grasp_80,filtered_goal,80,mesh,steady,0,True,0.19929558099829592
grasp_80,filtered_goal,80,mesh,steady,1,True,0.18746925499908684
grasp_80,filtered_goal,80,mesh,steady,2,True,0.189001067999925
grasp_80,filtered_goal,80,mesh,steady,3,True,0.18649371199899178
grasp_81,filtered_goal,81,mesh,cold,0,True,0.15871743600109767
grasp_81,filtered_goal,81,mesh,steady,0,True,0.15777275799882773
grasp_81,filtered_goal,81,mesh,steady,1,True,0.15759171300123853
grasp_81,filtered_goal,81,mesh,steady,2,True,0.15861999099979585
grasp_81,filtered_goal,81,mesh,steady,3,True,0.15698079699905065
grasp_82,filtered_goal,82,mesh,cold,0,True,0.13819413499913935
grasp_82,filtered_goal,82,mesh,steady,0,True,0.1344550949997938
grasp_82,filtered_goal,82,mesh,steady,1,True,0.13715416000013647
grasp_82,filtered_goal,82,mesh,steady,2,True,0.13783767899985833
grasp_82,filtered_goal,82,mesh,steady,3,True,0.13886411699968448
grasp_83,filtered_goal,83,mesh,cold,0,True,0.2225205790000473
grasp_83,filtered_goal,83,mesh,steady,0,True,0.2221885429989925
grasp_83,filtered_goal,83,mesh,steady,1,True,0.22049137400063046
grasp_83,filtered_goal,83,mesh,steady,2,True,0.2213920770009281
grasp_83,filtered_goal,83,mesh,steady,3,True,0.21856382199985092
grasp_84,filtered_goal,84,mesh,cold,0,True,6.559899884450715e-05
grasp_84,filtered_goal,84,mesh,steady,0,True,4.001099841843825e-05
grasp_84,filtered_goal,84,mesh,steady,1,True,4.2101000872207806e-05
grasp_84,filtered_goal,84,mesh,steady,2,True,3.841400030069053e-05
grasp_84,filtered_goal,84,mesh,steady,3,True,3.8226999095059e-05
grasp_85,filtered_goal,85,mesh,cold,0,True,7.163299960666336e-05
grasp_85,filtered_goal,85,mesh,steady,0,True,6.142500023997854e-05
grasp_85,filtered_goal,85,mesh,steady,1,True,6.028399911883753e-05
grasp_85,filtered_goal,85,mesh,steady,2,True,5.987700023979414e-05
grasp_85,filtered_goal,85,mesh,steady,3,True,5.9837999287992716e-05
grasp_86,filtered_goal,86,mesh,cold,0,True,4.35840011050459e-05
grasp_86,filtered_goal,86,mesh,steady,0,True,4.043400076625403e-05
grasp_86,filtered_goal,86,mesh,steady,1,True,4.029400042782072e-05
grasp_86,filtered_goal,86,mesh,steady,2,True,4.018499930680264e-05
grasp_86,filtered_goal,86,mesh,steady,3,True,4.015400008938741e-05
grasp_87,filtered_goal,87,mesh,cold,0,True,3.823000042757485e-05
grasp_87,filtered_goal,87,mesh,steady,0,True,3.821300015260931e-05
grasp_87,filtered_goal,87,mesh,steady,1,True,3.816900061792694e-05
grasp_87,filtered_goal,87,mesh,steady,2,True,3.8134001442813314e-05
grasp_87,filtered_goal,87,mesh,steady,3,True,3.803799882007297e-05
grasp_88,filtered_goal,88,mesh,cold,0,True,4.0995999370352365e-05
grasp_88,filtered_goal,88,mesh,steady,0,True,4.0769000406726263e-05
grasp_88,filtered_goal,88,mesh,steady,1,True,4.1028999476111494e-05
grasp_88,filtered_goal,88,mesh,steady,2,True,4.0597000406705774e-05
grasp_88,filtered_goal,88,mesh,steady,3,True,4.45139994553756e-05
grasp_89,filtered_goal,89,mesh,cold,0,True,3.878700044879224e-05
grasp_89,filtered_goal,89,mesh,steady,0,True,4.033599907415919e-05
grasp_89,filtered_goal,89,mesh,steady,1,True,3.8635998862446286e-05
grasp_89,filtered_goal,89,mesh,steady,2,True,3.856199873553123e-05
grasp_89,filtered_goal,89,mesh,steady,3,True,4.02469995606225e-05
grasp_90,filtered_goal,90,mesh,cold,0,True,4.105099833395798e-05
grasp_90,filtered_goal,90,mesh,steady,0,True,4.0486000216333196e-05
grasp_90,filtered_goal,90,mesh,steady,1,True,4.049599920108449e-05
grasp_90,filtered_goal,90,mesh,steady,2,True,4.048899972985964e-05
grasp_90,filtered_goal,90,mesh,steady,3,True,4.0552999053034e-05
grasp_91,filtered_goal,91,mesh,cold,0,True,3.857500087178778e-05
grasp_91,filtered_goal,91,mesh,steady,0,True,3.831100002571475e-05
grasp_91,filtered_goal,91,mesh,steady,1,True,3.83789993065875e-05
grasp_91,filtered_goal,91,mesh,steady,2,True,3.819800076598767e-05
grasp_91,filtered_goal,91,mesh,steady,3,True,3.832100082945544e-05
grasp_92,filtered_goal,92,mesh,cold,0,True,4.128299951844383e-05
grasp_92,filtered_goal,92,mesh,steady,0,True,4.0566001189290546e-05
grasp_92,filtered_goal,92,mesh,steady,1,True,4.0408000131719746e-05
grasp_92,filtered_goal,92,mesh,steady,2,True,4.027300019515678e-05
grasp_92,filtered_goal,92,mesh,steady,3,True,4.0102000639308244e-05
grasp_93,filtered_goal,93,mesh,cold,0,True,0.22271593100049358
grasp_93,filtered_goal,93,mesh,steady,0,True,0.22467567800049437
grasp_93,filtered_goal,93,mesh,steady,1,True,0.22127116800038493
grasp_93,filtered_goal,93,mesh,steady,2,True,0.2233255659994029
grasp_93,filtered_goal,93,mesh,steady,3,True,0.2247021049988689
grasp_94,filtered_goal,94,mesh,cold,0,True,6.955400021979585e-05
grasp_94,filtered_goal,94,mesh,steady,0,True,4.424699909577612e-05
grasp_94,filtered_goal,94,mesh,steady,1,True,4.267100121069234e-05
grasp_94,filtered_goal,94,mesh,steady,2,True,4.238700057612732e-05
grasp_94,filtered_goal,94,mesh,steady,3,True,4.240599992044736e-05
grasp_95,filtered_goal,95,mesh,cold,0,True,4.345299930719193e-05
grasp_95,filtered_goal,95,mesh,steady,0,True,4.24919999204576e-05
grasp_95,filtered_goal,95,mesh,steady,1,True,4.24940008088015e-05
grasp_95,filtered_goal,95,mesh,steady,2,True,4.2317000406910665e-05
grasp_95,filtered_goal,95,mesh,steady,3,True,4.423000063979998e-05
grasp_96,filtered_goal,96,mesh,cold,0,True,4.0347000322071835e-05
grasp_96,filtered_goal,96,mesh,steady,0,True,3.97769999835873e-05
grasp_96,filtered_goal,96,mesh,steady,1,True,3.9619000745005906e-05
grasp_96,filtered_goal,96,mesh,steady,2,True,3.9663000279688276e-05
grasp_96,filtered_goal,96,mesh,steady,3,True,3.9432999983546324e-05
grasp_97,filtered_goal,97,mesh,cold,0,True,4.04780003009364e-05
grasp_97,filtered_goal,97,mesh,steady,0,True,3.9992000893107615e-05
grasp_97,filtered_goal,97,mesh,steady,1,True,3.99349992221687e-05
grasp_97,filtered_goal,97,mesh,steady,2,True,3.978200038545765e-05
grasp_97,filtered_goal,97,mesh,steady,3,True,3.998099964519497e-05
grasp_98,filtered_goal,98,mesh,cold,0,True,4.024599911645055e-05
grasp_98,filtered_goal,98,mesh,steady,0,True,3.9992000893107615e-05
grasp_98,filtered_goal,98,mesh,steady,1,True,3.9854001443018205e-05
grasp_98,filtered_goal,98,mesh,steady,2,True,3.993599966634065e-05
grasp_98,filtered_goal,98,mesh,steady,3,True,3.9877999370219186e-05
grasp_99,filtered_goal,99,mesh,cold,0,True,3.9999998989515007e-05
grasp_99,filtered_goal,99,mesh,steady,0,True,3.995400038547814e-05
grasp_99,filtered_goal,99,mesh,steady,1,True,4.0036000427789986e-05
grasp_99,filtered_goal,99,mesh,steady,2,True,3.9963000745046884e-05
grasp_99,filtered_goal,99,mesh,steady,3,True,3.98539996240288e-05
grasp_100,filtered_goal,100,mesh,cold,0,True,4.0158998672268353e-05
grasp_100,filtered_goal,100,mesh,steady,0,True,3.9818000004743226e-05
grasp_100,filtered_goal,100,mesh,steady,1,True,3.989200013165828e-05
grasp_100,filtered_goal,100,mesh,steady,2,True,3.9781998566468246e-05
grasp_100,filtered_goal,100,mesh,steady,3,True,4.205900040687993e-05
grasp_101,filtered_goal,101,mesh,cold,0,True,4.00139997509541e-05
grasp_101,filtered_goal,101,mesh,steady,0,True,3.9885000660433434e-05
grasp_101,filtered_goal,101,mesh,steady,1,True,3.986999945482239e-05
grasp_101,filtered_goal,101,mesh,steady,2,True,3.977599953941535e-05
grasp_101,filtered_goal,101,mesh,steady,3,True,3.9728000047034584e-05
grasp_102,filtered_goal,102,mesh,cold,0,True,4.005799928563647e-05
grasp_102,filtered_goal,102,mesh,steady,0,True,3.982700036431197e-05
grasp_102,filtered_goal,102,mesh,steady,1,True,4.084600004716776e-05
grasp_102,filtered_goal,102,mesh,steady,2,True,3.9894999645184726e-05
grasp_102,filtered_goal,102,mesh,steady,3,True,3.971899968746584e-05
grasp_103,filtered_goal,103,mesh,cold,0,True,4.006099879916292e-05
grasp_103,filtered_goal,103,mesh,steady,0,True,4.003300091426354e-05
grasp_103,filtered_goal,103,mesh,steady,1,True,4.018600156996399e-05
grasp_103,filtered_goal,103,mesh,steady,2,True,4.195800102024805e-05
grasp_103,filtered_goal,103,mesh,steady,3,True,4.005799928563647e-05
grasp_104,filtered_goal,104,mesh,cold,0,True,3.974399987782817e-05
grasp_104,filtered_goal,104,mesh,steady,0,True,3.956500040658284e-05
grasp_104,filtered_goal,104,mesh,steady,1,True,3.9556000047014095e-05
grasp_104,filtered_goal,104,mesh,steady,2,True,3.9107000702642836e-05
grasp_104,filtered_goal,104,mesh,steady,3,True,3.8872000004630536e-05
grasp_105,filtered_goal,105,mesh,cold,0,True,3.9568998545291834e-05
grasp_105,filtered_goal,105,mesh,steady,0,True,3.943800038541667e-05
grasp_105,filtered_goal,105,mesh,steady,1,True,3.928300066036172e-05
grasp_105,filtered_goal,105,mesh,steady,2,True,3.932700019504409e-05
grasp_105,filtered_goal,105,mesh,steady,3,True,4.347700087237172e-05
grasp_106,filtered_goal,106,mesh,cold,0,True,3.944200034311507e-05
grasp_106,filtered_goal,106,mesh,steady,0,True,3.936600114684552e-05
grasp_106,filtered_goal,106,mesh,steady,1,True,3.9242999264388345e-05
grasp_106,filtered_goal,106,mesh,steady,2,True,3.9276999814319424e-05
grasp_106,filtered_goal,106,mesh,steady,3,True,3.948099947592709e-05
grasp_107,filtered_goal,107,mesh,cold,0,True,3.954900057578925e-05
grasp_107,filtered_goal,107,mesh,steady,0,True,3.9619000745005906e-05
grasp_107,filtered_goal,107,mesh,steady,1,True,3.945699972973671e-05
grasp_107,filtered_goal,107,mesh,steady,2,True,3.9313001252594404e-05
grasp_107,filtered_goal,107,mesh,steady,3,True,3.938900044886395e-05
grasp_108,filtered_goal,108,mesh,cold,0,True,3.9120999645092525e-05
grasp_108,filtered_goal,108,mesh,steady,0,True,3.908999860868789e-05
grasp_108,filtered_goal,108,mesh,steady,1,True,3.88509997719666e-05
grasp_108,filtered_goal,108,mesh,steady,2,True,3.903400101989973e-05
grasp_108,filtered_goal,108,mesh,steady,3,True,3.894700057571754e-05
grasp_109,filtered_goal,109,mesh,cold,0,True,3.9274998925975524e-05
grasp_109,filtered_goal,109,mesh,steady,0,True,3.927600118913688e-05
grasp_109,filtered_goal,109,mesh,steady,1,True,3.915799970855005e-05
grasp_109,filtered_goal,109,mesh,steady,2,True,3.9241998820216395e-05
grasp_109,filtered_goal,109,mesh,steady,3,True,3.9286998799070716e-05
grasp_110,filtered_goal,110,mesh,cold,0,True,4.494499989959877e-05
grasp_110,filtered_goal,110,mesh,steady,0,True,4.352699943410698e-05
grasp_110,filtered_goal,110,mesh,steady,1,True,4.3105999793624505e-05
grasp_110,filtered_goal,110,mesh,steady,2,True,4.539200017461553e-05
grasp_110,filtered_goal,110,mesh,steady,3,True,4.339800034358632e-05
grasp_111,filtered_goal,111,mesh,cold,0,True,3.945500066038221e-05
grasp_111,filtered_goal,111,mesh,steady,0,True,3.9443999412469566e-05
grasp_111,filtered_goal,111,mesh,steady,1,True,3.940699934901204e-05
grasp_111,filtered_goal,111,mesh,steady,2,True,3.9323000237345695e-05
grasp_111,filtered_goal,111,mesh,steady,3,True,3.925000055460259e-05
grasp_112,filtered_goal,112,mesh,cold,0,True,3.972400008933619e-05
grasp_112,filtered_goal,112,mesh,steady,0,True,3.984199975093361e-05
grasp_112,filtered_goal,112,mesh,steady,1,True,3.9571999877807684e-05
grasp_112,filtered_goal,112,mesh,steady,2,True,3.960799949709326e-05
grasp_112,filtered_goal,112,mesh,steady,3,True,3.9570999433635734e-05
